<?xml version="1.0" ?>
<manifest identifier="com.to-scorm.slides.I1636004942" version="1"
       xmlns="http://www.imsproject.org/xsd/imscp_rootv1p1p2"
       xmlns:adlcp="http://www.adlnet.org/xsd/adlcp_rootv1p2"
       xmlns:xsi="http://www.w3.org/2001/XMLSchema-instance"
       xsi:schemaLocation="http://www.imsproject.org/xsd/imscp_rootv1p1p2 imscp_rootv1p1p2.xsd
                           http://www.imsglobal.org/xsd/imsmd_rootv1p2p1 imsmd_rootv1p2p1.xsd
                           http://www.adlnet.org/xsd/adlcp_rootv1p2 adlcp_rootv1p2.xsd">
  <metadata>
    <schema>ADL SCORM</schema>
    <schemaversion>1.2</schemaversion>
  </metadata>
  <organizations default="O1636004942">
    <organization identifier="O1636004942">
      <title>a name for my course</title>
      <item identifier="I1636004942" identifierref="R1636004942" isvisible="true">
        <title>a name for my course</title>
      </item>
    </organization>
  </organizations>
  <resources>
    <resource identifier="R1636004942" type="webcontent" adlcp:scormtype="sco" href="index.html">
    <file href='351217f6d795336dcbd81b5895af2136.mp3' />
<file href='912e5311334f367fb2fb1e6d9fd54eb8.mp3' />
<file href='Induction and intro session June 18 ver4 3 - short-1.jpg' />
<file href='Induction and intro session June 18 ver4 3 - short-2.jpg' />
<file href='Induction and intro session June 18 ver4 3 - short-3.jpg' />
<file href='Induction and intro session June 18 ver4 3 - short-4.jpg' />
<file href='Induction and intro session June 18 ver4 3 - short-5.jpg' />
<file href='Induction and intro session June 18 ver4 3 - short-6.jpg' />
<file href='Induction and intro session June 18 ver4 3 - short-7.jpg' />
<file href='Induction and intro session June 18 ver4 3 - short-8.jpg' />
<file href='Qilabob.mp4' />
<file href='adlcp_rootv1p2.xsd' />
<file href='ims_xml.xsd' />
<file href='imscp_rootv1p1p2.xsd' />
<file href='imsmanifest.xml' />
<file href='imsmd_rootv1p2p1.xsd' />
<file href='index.html' />
<file href='recording-1.webm' />
<file href='recording-2.mp3' />
<file href='recording-7.mp3' />
<file href='recording-8.webm' />
<file href='slides.json' />
<file href='v1R3Z0r.mp4' />
    </resource>
  </resources>
</manifest>